name,email,phone,route_id
Suyog Vyas,suyogvyas6@gmail.com,8010928124,28
Ram bela,rambela@gmail.com,8010928125,29
Rahul Verma,rahulverma@gmail.com,8010928126,28
Rohit,rohit@gmail.com,8010928127,29
Aman,amansharma@gmail.com,8010928128,30
Vinita patel,vinitapatel@gmail.com,8010928129,30
Siya gupta,siyagupta@gmail.com,0801092812,31
Priya Patel,priyapatel@gmail.com,8010928121,32
Aditya rao,adityarao@gmail.com,8010928122,33
Rohan Das,rohandas@gmail.com,8010928123,34
Yashasvi modi,yashasvimodi@gmail.com,8010928114,31
Karan yadav,karanyadav@gmail.com,8010928112,32
Pooja soni,poojasoni@gmail.com,8010928111,33
Neha joshi,nehajoshi@gmail.com,8010928122,34
Manav Roy,manavroy@gmail.com,8010928188,35
Isha Malhotra,ishamalhotra@gmail.com,8010928199,35
Rahul Tiwari,rahultiwari@gmail.com,8010928155,28
Aditi Sharma,aditisharma@gmail.com,8010928133,28
Mohit verma,mohitverma@gmail.com,8010928144,28
Tanya arora,tanyaarora@gmail.com,8010928155,29
